player,Now
Michael Jordan,1991 
Jimmy Butler,2022 
Jerry West,1973 
Chris Paul,2019 
Evan Mobley,2023 
Ja Morant,2023 
Kevin McHale,1991 
Jaren Jackson,2024 
Bob Gross,1978 
Tony Parker,2009 
Peja Stojakovic,2004 
Antawn Jamison,2004 
Maurice Cheeks,1988 
Mitchell Robinson,2023 
Brad Miller,2004 
Dave Twardzik,1978 
Carmelo Anthony,2008 
Dave Cowens,1973 
Dwight Howard,2007 
Emeka Okafor,2007 
Clifford Ray,1978 
Larry Steele,1975 
Bob Lanier,1984 
Hakeem Olajuwon,2001
Paul George,2023 
Troy Murphy,2009 
Anderson Varejao,2007 
Andre Iguodala,2007 
Chris Kaman,2008 
Danny Green,2022 
Bojan Bogdanovic,2023 
Jameer Nelson,2007 
James Donaldson,1987 
Josh Childress,2007 
Josh Smith,2007 
Luol Deng,2007 
Shane Battier,2009 
Al Jefferson,2007 
Andres Nocioni,2007 
Andris Biedrins,2007 
Beno Udrih,2007 
Dahntay Jones,2007 
Damien Wilkins,2007 
Darko Milicic,2007 
Delonte West,2007 
Devin Harris,2007 
James Jones,2007 
Kevin Martin,2007 
Kirk Snyder,2007 
Kris Humphries,2007 
Maurice Evans,2007 
Nick Collison,2007 
Quinton Ross,2007 
Rafael Araujo,2007 
Royal Ivey,2007 
Sasha Vujacic,2007 
Sebastian Telfair,2007 
Tony Allen,2007 
Trevor Ariza,2007 
Viktor Khryapa,2007 
Joel Embiid,2024 
Gus Johnson,1972 
Daniel Gafford,2024 
Dominique Wilkins,1994 
Dwight Powell,2021 
Josh Howard,2008 
Enes Freedom,2022 
Kirk Hinrich,2008 
Billy Paultz,1972 
Duncan Robinson,2021 
Sam Lacey,1981 
Tim Hardaway,1993 
Dewayne Dedmon,2020 
Chris Andersen,2009 
Moses Malone,1993 
Reggie Theus,1988 
Kemba Walker,2022 
Billy Knight,1984 
Dale Davis,2000 
DeMarcus Cousins,2023 
Eric Bledsoe,2023 
Glen Rice,1993 
Mickey Johnson,1983 
Larry Smith,1987 
Leandro Barbosa,2008 
Pervis Ellison,1993 
Pooh Richardson,1993 
Raja Bell,2009 
Ron Lee,1979 
Sarunas Marciulionis,1993 
Scott Wedman,1980 
Collin Sexton,2022 
Derrick Favors,2023 
Michael Redd,2009 
Johnny Moore,1987 
Gordon Hayward,2023 
Lou Hudson,1972 
Roger A. Brown,1972 
Royce O'Neale,2023 
Chris Webber,2008
Chris Gatling,2000 
Mychal Thompson,1988 
Chris Mullin,2001
Keon Clark,2004 
Marvin Bagley,2023 
Ricky Rubio,2022 
Eddie Robinson,2001 
Terry Porter,2001 
Charles Oakley,2001
Edgar Jones,1987 
Freddie Brown,1977 
Joe Johnson,2009 
Reggie Miller,2006 
Ricky Pierce,1994 
Lamar Odom,2001 
Steve Kerr,1993 
Terry Tyler,1988 
Bo Outlaw,2008
Happy Hairston,1969 
Larry Johnson,2000 
Tristan Thompson,2022 
Willie Naulls,1964 
Brian Cook,2008 
Fred Jones,2008 
Kyle Korver,2008 
Luke Walton,2008 
Zaza Pachulia,2008 
Brian Skinner,2004 
Adrian Caldwell,1993 
B.J. Armstrong,1993 
Chucky Brown,1993 
Delaney Rudd,1993 
Doug West,1993 
Drazen Petrovic,1993 
Frank Kornet,1993 
George McCloud,1993 
Greg Grant,1993 
Jeff Martin,1993 
John Morton,1993 
Kenny Battle,1993 
Kenny Payne,1993 
Michael Smith,1993 
Randy White,1993 
Terry Davis,1993 
Tom Hammonds,1993 
Will Perdue,1993 
Winston Bennett,1993 
Ruben Patterson,2004 
Kenny Anderson,2000 
Kiki Vandeweghe,1987 
Sam Cassell,2008
Mickael Pietrus,2008 
R.J. Hunter,2016
Boban Marjanovic,2016
T.J. McConnell,2016
Jim Cleamons,1975
Derrick White,2019
Larry Kenon,1975
Wendell Carter,2022
Desmond Bane,2021
Dan Roundfield,1977
Bruce Brown,2022
Malik Monk,2022
,
,
,
,
,
,
,
,
,
